{"mean": [0.6666666865348816, 331.1483459472656, 101.18058776855469, 0.28217270970344543, 0.3877708315849304, 0.701318085193634, 0.9655184149742126, 0.49278634786605835, 2.4700000286102295, 0.28156307339668274], "scale": [0.471404492855072, 155.1021270751953, 74.95873260498047, 0.21451984345912933, 0.47190889716148376, 0.04133659601211548, 0.03616468980908394, 0.0848318338394165, 3.4135658740997314, 0.04703016206622124]}